Club,Saison,Numero,Joueur,Nom d'usage,Nationalite,Postes,Note,BallonOr
Manchester City,2004-2005,1,David James,,England,G,88,0
Manchester City,2004-2005,39,Nicolas Anelka,,France,BU|AG|AD|MOC,85,0
Manchester City,2004-2005,6,Claudio Reyna,,United States,MC|MG|MDC|MOC,81,0
Manchester City,2004-2005,5,Sylvain Distin,,France,DC|DG|DD,81,0
Manchester City,2004-2005,8,Robbie Fowler,,England,BU|MOC|AG,78,0
Manchester City,2004-2005,29,Shaun Wright-Phillips,,England,MD|AD,78,0
Manchester City,2004-2005,20,Steve McManaman,,England,MG,76,0
Manchester City,2004-2005,2,David Sommeil,,France,DC,76,0
Manchester City,2004-2005,28,Trevor Sinclair,,England,MD,76,0
Manchester City,2004-2005,10,Antoine Sibierski,,France,MG|MOC,75,0
Manchester City,2004-2005,18,Danny Mills,,England,DD,74,0
Manchester City,2004-2005,22,Richard Dunne,,Republic of Ireland,DC|DD|MDC,74,0
Manchester City,2004-2005,25,Geert de Vlieger,,Belgium,G,74,0
Manchester City,2004-2005,21,Ronald Waterreus,,Netherlands,G,74,0
Manchester City,2004-2005,17,Sun Jihai,,China PR,DD|DG,73,0
Manchester City,2004-2005,11,Jonathan Macken,,Republic of Ireland,BU,73,0
Manchester City,2004-2005,24,Joey Barton,,England,MC|MDC|MD|MOC,72,0
Manchester City,2004-2005,26,Paul Bosvelt,,Netherlands,MC,71,0
Manchester City,2004-2005,27,Mikkel Bischoff,,Denmark,DC,71,0
Manchester City,2004-2005,30,Christian Negouai,,France,MC,71,0
Manchester City,2004-2005,32,Kevin Stuhr-Ellegaard,,Denmark,G,70,0
Manchester City,2004-2005,3,Ben Thatcher,,Wales,DG,69,0
Manchester City,2004-2005,40,Lee Croft,,England,MC,67,0
Manchester City,2004-2005,44,Willo Flood,,Republic of Ireland,MC,66,0
Manchester City,2004-2005,41,Stephen Jordan,,England,DG,65,0
Manchester City,2005-2006,1,David James,,England,G,85,0
Manchester City,2005-2006,11,Darius Vassell,,England,BU|AD|AG,82,0
Manchester City,2005-2006,14,Kiki Musampa,,Netherlands,MG|AG|MOC|MD,82,0
Manchester City,2005-2006,9,Andrew Cole,,England,BU|MOC|AD,81,0
Manchester City,2005-2006,5,Sylvain Distin,,France,DC|DG|DD,81,0
Manchester City,2005-2006,6,Claudio Reyna,,United States,MC|MG|MDC|MOC,80,0
Manchester City,2005-2006,7,Robbie Fowler,,England,BU|MOC|AG,79,0
Manchester City,2005-2006,22,Richard Dunne,,Republic of Ireland,DC|DD|MDC,78,0
Manchester City,2005-2006,18,Danny Mills,,England,DD,77,0
Manchester City,2005-2006,3,Ben Thatcher,,Wales,DG,76,0
Manchester City,2005-2006,10,Antoine Sibierski,,France,MG|MOC,74,0
Manchester City,2005-2006,2,David Sommeil,,France,DC,74,0
Manchester City,2005-2006,12,Nicky Weaver,,England,G,74,0
Manchester City,2005-2006,17,Sun Jihai,,China PR,DD|DG,73,0
Manchester City,2005-2006,28,Trevor Sinclair,,England,MD,73,0
Manchester City,2005-2006,8,Joey Barton,,England,MC|MDC|MD|MOC,73,0
Manchester City,2005-2006,44,Willo Flood,,Republic of Ireland,MC,73,0
Manchester City,2005-2006,41,Stephen Jordan,,England,DG,72,0
Manchester City,2005-2006,42,Bradley Wright-Phillips,,England,BU,72,0
Manchester City,2005-2006,16,Nedum Onuoha,,England,DC,70,0
Manchester City,2005-2006,33,Kasper Schmeichel,,Denmark,G,68,0
Manchester City,2005-2006,40,Lee Croft,,England,MC,66,0
Manchester City,2005-2006,38,Stephen Ireland,,Republic of Ireland,MOC|MC,62,0
Manchester City,2006-2007,1,Andreas Isaksson,,Sweden,G,82,0
Manchester City,2006-2007,30,Bernardo Corradi,,Italy,BU|MOC,81,0
Manchester City,2006-2007,15,Sylvain Distin,,France,DC|DG|DD,81,0
Manchester City,2006-2007,8,Joey Barton,,England,MC|MDC|MD|MOC,80,0
Manchester City,2006-2007,11,Darius Vassell,,England,BU|AD|AG,79,0
Manchester City,2006-2007,23,Hatem Trabelsi,,Tunisia,DD|MD|DC,79,0
Manchester City,2006-2007,6,Claudio Reyna,,United States,MC|MG|MDC|MOC,79,0
Manchester City,2006-2007,9,Andrew Cole,,England,BU|MOC|AD,78,0
Manchester City,2006-2007,21,Dietmar Hamann,,Germany,MDC|MC|DC,78,0
Manchester City,2006-2007,20,Georgios Samaras,,Greece,BU|AG|MOC|AD,78,0
Manchester City,2006-2007,5,Ousmane Dabo,,France,MC|MDC,76,0
Manchester City,2006-2007,18,Danny Mills,,England,DD,75,0
Manchester City,2006-2007,3,Ben Thatcher,,Wales,DG,75,0
Manchester City,2006-2007,22,Richard Dunne,,Republic of Ireland,DC|DD|MDC,74,0
Manchester City,2006-2007,28,Trevor Sinclair,,England,MD,74,0
Manchester City,2006-2007,10,Antoine Sibierski,,France,MG|MOC,73,0
Manchester City,2006-2007,17,Sun Jihai,,China PR,DD|DG,73,0
Manchester City,2006-2007,36,Daniel Sturridge,,England,BU,73,0
Manchester City,2006-2007,12,Nicky Weaver,,England,G,72,0
Manchester City,2006-2007,4,Stephen Jordan,,England,DG,71,0
Manchester City,2006-2007,16,Nedum Onuoha,,England,DC,71,0
Manchester City,2006-2007,2,Micah Richards,,England,DC|DD|MDC|DG,70,0
Manchester City,2006-2007,14,Paul Dickov,,Scotland,BU,69,0
Manchester City,2006-2007,7,Stephen Ireland,,Republic of Ireland,MOC|MC,67,0
Manchester City,2006-2007,25,Joe Hart,,England,G,60,0
Manchester City,2007-2008,2,Micah Richards,,England,DC|DD|MDC|DG,82,0
Manchester City,2007-2008,11,Elano,Elano,Brazil,BU|MOC|MD|MC,81,0
Manchester City,2007-2008,15,Martin Petrov,,Bulgaria,MOC|MG,80,0
Manchester City,2007-2008,29,Valeri Bojinov,,Bulgaria,BU|MOC|AD,79,0
Manchester City,2007-2008,12,Darius Vassell,,England,BU|AD|AG,78,0
Manchester City,2007-2008,22,Richard Dunne,,Republic of Ireland,DC|DD|MDC,78,0
Manchester City,2007-2008,30,Bernardo Corradi,,Italy,BU|MOC,77,0
Manchester City,2007-2008,9,Emile Mpenza,,Belgium,BU,77,0
Manchester City,2007-2008,8,Geovanni,Geovanni,Brazil,MOC,77,0
Manchester City,2007-2008,10,Rolando Bianchi,,Italy,BU,77,0
Manchester City,2007-2008,20,Georgios Samaras,,Greece,BU|AG|MOC|AD,75,0
Manchester City,2007-2008,1,Andreas Isaksson,,Sweden,G,74,0
Manchester City,2007-2008,6,Michael Johnson,,England,MC|MDC,74,0
Manchester City,2007-2008,3,Michael Ball,,England,DG,73,0
Manchester City,2007-2008,5,Ousmane Dabo,,France,MC|MDC,73,0
Manchester City,2007-2008,17,Sun Jihai,,China PR,DD|DG,73,0
Manchester City,2007-2008,24,Garrido,Garrido,Spain,DG,73,0
Manchester City,2007-2008,21,Dietmar Hamann,,Germany,MDC|MC|DC,72,0
Manchester City,2007-2008,19,Kasper Schmeichel,,Denmark,G,72,0
Manchester City,2007-2008,7,Stephen Ireland,,Republic of Ireland,MOC|MC,72,0
Manchester City,2007-2008,16,Vedran Corluka,,Croatia,DD,72,0
Manchester City,2007-2008,4,Nedum Onuoha,,England,DC,71,0
Manchester City,2007-2008,28,Gelson,Gelson,Cape Verde,MDC,65,0
Manchester City,2007-2008,25,Joe Hart,,England,G,64,0
Manchester City,2007-2008,36,Daniel Sturridge,,England,BU,64,0
Manchester City,2008-2009,10,Robinho,Robinho,Brazil,AG|MG,85,0
Manchester City,2008-2009,17,Martin Petrov,,Bulgaria,MOC|MG,83,0
Manchester City,2008-2009,11,Elano,Elano,Brazil,BU|MOC|MD|MC,83,0
Manchester City,2008-2009,2,Micah Richards,,England,DC|DD|MDC|DG,82,0
Manchester City,2008-2009,8,Shaun Wright-Phillips,,England,MD|AD,81,0
Manchester City,2008-2009,14,Jo,Jo,Brazil,BU|AG|MOC,81,0
Manchester City,2008-2009,22,Richard Dunne,,Republic of Ireland,DC|DD|MDC,80,0
Manchester City,2008-2009,27,Benjani,Benjani,Zimbabwe,BU|AD|MOC,80,0
Manchester City,2008-2009,33,Vincent Kompany,,Belgium,DC|MDC|DD,79,0
Manchester City,2008-2009,32,Pablo Zabaleta,,Argentina,DD|MD|DC,78,0
Manchester City,2008-2009,1,Joe Hart,,England,G,78,0
Manchester City,2008-2009,6,Michael Johnson,,England,MC|MDC,77,0
Manchester City,2008-2009,25,Nery Alberto Castillo,,Mexico,BU,76,0
Manchester City,2008-2009,26,Tal Ben-Haim,,Israel,DC,76,0
Manchester City,2008-2009,9,Valeri Bojinov,,Bulgaria,BU|MOC|AD,76,0
Manchester City,2008-2009,19,Gelson Fernandes,,Switzerland,MC,76,0
Manchester City,2008-2009,7,Stephen Ireland,,Republic of Ireland,MOC|MC,75,0
Manchester City,2008-2009,23,Glauber,Glauber,Brazil,DC,74,0
Manchester City,2008-2009,3,Michael Ball,,England,DG,73,0
Manchester City,2008-2009,15,Garrido,Garrido,Spain,DG,73,0
Manchester City,2008-2009,20,Felipe Caicedo,,Ecuador,BU,73,0
Manchester City,2008-2009,12,Darius Vassell,,England,BU|AD|AG,72,0
Manchester City,2008-2009,21,Dietmar Hamann,,Germany,MDC|MC|DC,72,0
Manchester City,2008-2009,16,Kasper Schmeichel,,Denmark,G,71,0
Manchester City,2008-2009,4,Chinedum Onuoha,,England,DD,71,0
Manchester City,2008-2009,28,Daniel Sturridge,,England,BU,70,0
Manchester City,2008-2009,18,Danny Mills,,England,DD,67,0
Manchester City,2009-2010,28,Kolo Toure,,Ivory Coast,DC|DD|DG|MDC,85,0
Manchester City,2009-2010,10,Robinho,Robinho,Brazil,AG|MG,85,0
Manchester City,2009-2010,32,Carlos Tevez,,Argentina,AD|BU|MOC|AG,85,0
Manchester City,2009-2010,1,Shay Given,,Republic of Ireland,G,84,0
Manchester City,2009-2010,25,Emmanuel Adebayor,,Togo,BU|AD|MOC,84,0
Manchester City,2009-2010,18,Gareth Barry,,England,MC|MDC,83,0
Manchester City,2009-2010,8,Shaun Wright-Phillips,,England,MD|AD,82,0
Manchester City,2009-2010,19,Joleon Lescott,,England,DC|DG|MDC,82,0
Manchester City,2009-2010,14,Roque Santa Cruz,,Paraguay,BU|MOC|AD,80,0
Manchester City,2009-2010,7,Stephen Ireland,,Republic of Ireland,MOC|MC,80,0
Manchester City,2009-2010,17,Martin Petrov,,Bulgaria,MOC|MG,79,0
Manchester City,2009-2010,34,Nigel de Jong,,Netherlands,MC|MDC|DC,79,0
Manchester City,2009-2010,33,Vincent Kompany,,Belgium,DC|MDC|DD,79,0
Manchester City,2009-2010,39,Craig Bellamy,,Wales,BU|AD|AG|MOC,78,0
Manchester City,2009-2010,27,Benjani,Benjani,Zimbabwe,BU|AD|MOC,78,0
Manchester City,2009-2010,5,Pablo Zabaleta,,Argentina,DD|MD|DC,78,0
Manchester City,2009-2010,3,Wayne Bridge,,England,DG,77,0
Manchester City,2009-2010,16,Sylvinho,Sylvinho,Brazil,DG,77,0
Manchester City,2009-2010,4,Nedum Onuoha,,England,DC,76,0
Manchester City,2009-2010,2,Micah Richards,,England,DC|DD|MDC|DG,76,0
Manchester City,2009-2010,6,Michael Johnson,,England,MC|MDC,76,0
Manchester City,2009-2010,22,Richard Dunne,,Republic of Ireland,DC|DD|MDC,74,0
Manchester City,2009-2010,15,Garrido,Garrido,Spain,DG,74,0
Manchester City,2009-2010,26,Tal Ben-Haim,,Israel,DC,73,0
Manchester City,2009-2010,12,Stuart Taylor,,England,G,72,0
Manchester City,2009-2010,40,Vladimir Weiss,,Slovakia,MD,71,0
Manchester City,2010-2011,32,Carlos Tevez,,Argentina,AD|BU|MOC|AG,86,0
Manchester City,2010-2011,21,David Silva,,Spain,MOC|MD|MG|MC,85,0
Manchester City,2010-2011,1,Shay Given,,Republic of Ireland,G,84,0
Manchester City,2010-2011,28,Kolo Toure,,Ivory Coast,DC|DD|DG|MDC,84,0
Manchester City,2010-2011,42,Yaya Toure,,Ivory Coast,BU|MDC|MC,83,0
Manchester City,2010-2011,9,Emmanuel Adebayor,,Togo,BU|AD|MOC,83,0
Manchester City,2010-2011,18,Gareth Barry,,England,MC|MDC,82,0
Manchester City,2010-2011,25,Joe Hart,,England,G,82,0
Manchester City,2010-2011,7,James Milner,,England,MOC|MC|MD|MG|DD|DG|MDC,81,0
Manchester City,2010-2011,19,Joleon Lescott,,England,DC|DG|MDC,81,0
Manchester City,2010-2011,11,Adam Johnson,,England,MOC|AG|AD|MD|MG,81,0
Manchester City,2010-2011,45,Mario Balotelli,,Italy,BU|AG|MOC,81,0
Manchester City,2010-2011,8,Shaun Wright-Phillips,,England,MD|AD,80,0
Manchester City,2010-2011,14,Roque Santa Cruz,,Paraguay,BU|MOC|AD,80,0
Manchester City,2010-2011,34,Nigel de Jong,,Netherlands,MC|MDC|DC,80,0
Manchester City,2010-2011,4,Vincent Kompany,,Belgium,DC|MDC|DD,80,0
Manchester City,2010-2011,2,Micah Richards,,England,DC|DD|MDC|DG,79,0
Manchester City,2010-2011,13,Aleksandar Kolarov,,Serbia,DG|DC|MG|MDC,79,0
Manchester City,2010-2011,24,Patrick Vieira,,France,MDC|MC|MOC,78,0
Manchester City,2010-2011,5,Pablo Zabaleta,,Argentina,DD|MD|DC,78,0
Manchester City,2010-2011,3,Wayne Bridge,,England,DG,77,0
Manchester City,2010-2011,17,Jerome Boateng,,Germany,DC,77,0
Manchester City,2010-2011,6,Michael Johnson,,England,MC|MDC,76,0
Manchester City,2010-2011,27,Jo,Jo,Brazil,BU|AG|MOC,75,0
Manchester City,2010-2011,12,Stuart Taylor,,England,G,72,0
Manchester City,2011-2012,21,David Silva,,Spain,MOC|MD|MG|MC,88,0
Manchester City,2011-2012,16,Sergio Aguero,,Argentina,MOC|BU,87,0
Manchester City,2011-2012,32,Carlos Tevez,,Argentina,AD|BU|MOC|AG,86,0
Manchester City,2011-2012,42,Yaya Toure,,Ivory Coast,BU|MDC|MC,85,0
Manchester City,2011-2012,4,Vincent Kompany,,Belgium,DC|MDC|DD,85,0
Manchester City,2011-2012,19,Samir Nasri,,France,MOC|MG|MD,85,0
Manchester City,2011-2012,25,Joe Hart,,England,G,83,0
Manchester City,2011-2012,10,Edin Dzeko,,Bosnia and Herzegovina,BU|MOC|AG,83,0
Manchester City,2011-2012,45,Mario Balotelli,,Italy,BU|AG|MOC,83,0
Manchester City,2011-2012,18,Gareth Barry,,England,MC|MDC,82,0
Manchester City,2011-2012,28,Kolo Toure,,Ivory Coast,DC|DD|DG|MDC,82,0
Manchester City,2011-2012,7,James Milner,,England,MOC|MC|MD|MG|DD|DG|MDC,82,0
Manchester City,2011-2012,6,Joleon Lescott,,England,DC|DG|MDC,82,0
Manchester City,2011-2012,34,Nigel de Jong,,Netherlands,MC|MDC|DC,81,0
Manchester City,2011-2012,22,Gael Clichy,,France,DG|DC|MG,80,0
Manchester City,2011-2012,11,Adam Johnson,,England,MOC|AG|AD|MD|MG,80,0
Manchester City,2011-2012,2,Micah Richards,,England,DC|DD|MDC|DG,80,0
Manchester City,2011-2012,13,Aleksandar Kolarov,,Serbia,DG|DC|MG|MDC,79,0
Manchester City,2011-2012,20,Owen Hargreaves,,England,MDC|MC|DD,78,0
Manchester City,2011-2012,5,Pablo Zabaleta,,Argentina,DD|MD|DC,77,0
Manchester City,2011-2012,24,Nedum Onuoha,,England,DC,77,0
Manchester City,2011-2012,8,David Pizarro,,Chile,MC,76,0
Manchester City,2011-2012,30,Costel Pantilimon,,Romania,G,74,0
Manchester City,2011-2012,3,Wayne Bridge,,England,DG,72,0
Manchester City,2011-2012,12,Stuart Taylor,,England,G,72,0
Manchester City,2012-2013,21,David Silva,,Spain,MOC|MD|MG|MC,88,0
Manchester City,2012-2013,16,Sergio Aguero,,Argentina,MOC|BU,87,0
Manchester City,2012-2013,42,Yaya Toure,,Ivory Coast,BU|MDC|MC,86,0
Manchester City,2012-2013,4,Vincent Kompany,,Belgium,DC|MDC|DD,86,0
Manchester City,2012-2013,32,Carlos Tevez,,Argentina,AD|BU|MOC|AG,86,0
Manchester City,2012-2013,1,Joe Hart,,England,G,84,0
Manchester City,2012-2013,8,Samir Nasri,,France,MOC|MG|MD,84,0
Manchester City,2012-2013,10,Edin Dzeko,,Bosnia and Herzegovina,BU|MOC|AG,83,0
Manchester City,2012-2013,45,Mario Balotelli,,Italy,BU|AG|MOC,83,0
Manchester City,2012-2013,7,James Milner,,England,MOC|MC|MD|MG|DD|DG|MDC,81,0
Manchester City,2012-2013,6,Joleon Lescott,,England,DC|DG|MDC,81,0
Manchester City,2012-2013,5,Pablo Zabaleta,,Argentina,DD|MD|DC,81,0
Manchester City,2012-2013,22,Gael Clichy,,France,DG|DC|MG,81,0
Manchester City,2012-2013,18,Gareth Barry,,England,MC|MDC,80,0
Manchester City,2012-2013,28,Kolo Toure,,Ivory Coast,DC|DD|DG|MDC,80,0
Manchester City,2012-2013,19,Maicon,Maicon,Brazil,DD|MD|DC,79,0
Manchester City,2012-2013,14,Javi Garcia,,Spain,MDC|MC|DC,79,0
Manchester City,2012-2013,2,Micah Richards,,England,DC|DD|MDC|DG,79,0
Manchester City,2012-2013,13,Aleksandar Kolarov,,Serbia,DG|DC|MG|MDC,78,0
Manchester City,2012-2013,17,Jack Rodwell,,England,MC,77,0
Manchester City,2012-2013,15,Matija Nastasic,,Serbie,DC,77,0
Manchester City,2012-2013,11,Scott Sinclair,,England,AG|MG,75,0
Manchester City,2012-2013,30,Costel Pantilimon,,Romania,G,74,0
Manchester City,2012-2013,60,John Guidetti,,Sweden,BU,73,0
Manchester City,2012-2013,38,Dedryck Boyata,,Belgium,DC|DD,70,0
Manchester City,2013-2014,16,Sergio Aguero,,Argentina,MOC|BU,88,0
Manchester City,2013-2014,21,David Silva,,Spain,MOC|MD|MG|MC,87,0
Manchester City,2013-2014,42,Yaya Toure,,Ivory Coast,BU|MDC|MC,86,0
Manchester City,2013-2014,4,Vincent Kompany,,Belgium,DC|MDC|DD,86,0
Manchester City,2013-2014,8,Samir Nasri,,France,MOC|MG|MD,84,0
Manchester City,2013-2014,9,Alvaro Negredo,,Spain,BU|MOC|AG,83,0
Manchester City,2013-2014,15,Jesus Navas,,Spain,MD|AD|DD|MG,83,0
Manchester City,2013-2014,10,Edin Dzeko,,Bosnia and Herzegovina,BU|MOC|AG,83,0
Manchester City,2013-2014,35,Stevan Jovetic,,Montenegro,BU|MOC|AG|AD,83,0
Manchester City,2013-2014,25,Fernandinho,Fernandinho,Brazil,MC|MDC|DC,82,0
Manchester City,2013-2014,5,Pablo Zabaleta,,Argentina,DD|MD|DC,82,0
Manchester City,2013-2014,1,Joe Hart,,England,G,82,0
Manchester City,2013-2014,18,Gareth Barry,,England,MC|MDC,80,0
Manchester City,2013-2014,7,James Milner,,England,MOC|MC|MD|MG|DD|DG|MDC,80,0
Manchester City,2013-2014,22,Gael Clichy,,France,DG|DC|MG,80,0
Manchester City,2013-2014,26,Martin Demichelis,,Argentina,DC|MDC|DD,79,0
Manchester City,2013-2014,6,Joleon Lescott,,England,DC|DG|MDC,79,0
Manchester City,2013-2014,14,Javi Garcia,,Spain,MDC|MC|DC,79,0
Manchester City,2013-2014,2,Micah Richards,,England,DC|DD|MDC|DG,78,0
Manchester City,2013-2014,13,Aleksandar Kolarov,,Serbia,DG|DC|MG|MDC,78,0
Manchester City,2013-2014,33,Matija Nastasic,,Serbia,DC,77,0
Manchester City,2013-2014,17,Jack Rodwell,,England,MC,76,0
Manchester City,2013-2014,30,Costel Pantilimon,,Romania,G,75,0
Manchester City,2013-2014,60,John Guidetti,,Sweden,BU,73,0
Manchester City,2013-2014,38,Dedryck Boyata,,Belgium,DC|DD,68,0
Manchester City,2014-2015,16,Sergio Aguero,,Argentina,MOC|BU,87,0
Manchester City,2014-2015,21,David Silva,,Spain,MOC|MD|MG|MC,87,0
Manchester City,2014-2015,4,Vincent Kompany,,Belgium,DC|MDC|DD,86,0
Manchester City,2014-2015,42,Yaya Toure,,Ivory Coast,BU|MDC|MC,85,0
Manchester City,2014-2015,8,Samir Nasri,,France,MOC|MG|MD,84,0
Manchester City,2014-2015,5,Pablo Zabaleta,,Argentina,DD|MD|DC,83,0
Manchester City,2014-2015,9,Alvaro Negredo,,Spain,BU|MOC|AG,83,0
Manchester City,2014-2015,1,Joe Hart,,England,G,83,0
Manchester City,2014-2015,10,Edin Dzeko,,Bosnia and Herzegovina,BU|MOC|AG,83,0
Manchester City,2014-2015,25,Fernandinho,Fernandinho,Brazil,MC|MDC|DC,81,0
Manchester City,2014-2015,15,Jesus Navas,,Spain,MD|AD|DD|MG,81,0
Manchester City,2014-2015,35,Stevan Jovetic,,Montenegro,BU|MOC|AG|AD,81,0
Manchester City,2014-2015,14,Wilfried Bony,,Ivory Coast,BU|MOC|AD,81,0
Manchester City,2014-2015,18,Frank Lampard,,England,MC|MOC|MDC,79,0
Manchester City,2014-2015,26,Martin Demichelis,,Argentina,DC|MDC|DD,79,0
Manchester City,2014-2015,7,James Milner,,England,MOC|MC|MD|MG|DD|DG|MDC,79,0
Manchester City,2014-2015,3,Bacary Sagna,,France,DD|DG|DC,79,0
Manchester City,2014-2015,20,Eliaquim Mangala,,France,DC|DD|MDC,79,0
Manchester City,2014-2015,13,Willy Caballero,,Argentina,G,78,0
Manchester City,2014-2015,22,Gael Clichy,,France,DG|DC|MG,78,0
Manchester City,2014-2015,6,Fernando Reges,,Brazil,MDC|MC|DC,78,0
Manchester City,2014-2015,11,Aleksandar Kolarov,,Serbia,DG|DC|MG|MDC,78,0
Manchester City,2014-2015,33,Matija Nastasic,,Serbia,DC,77,0
Manchester City,2014-2015,2,Micah Richards,,England,DC|DD|MDC|DG,75,0
Manchester City,2014-2015,12,Scott Sinclair,,England,AG|MG,72,0
Manchester City,2015-2016,10,Sergio Aguero,,Argentina,MOC|BU,88,0
Manchester City,2015-2016,21,David Silva,,Spain,MOC|MD|MG|MC,86,0
Manchester City,2015-2016,17,Kevin De Bruyne,,Belgium,MOC|MC|MD|MDC|AD,86,0
Manchester City,2015-2016,42,Yaya Toure,,Ivory Coast,BU|MDC|MC,85,0
Manchester City,2015-2016,4,Vincent Kompany,,Belgium,DC|MDC|DD,85,0
Manchester City,2015-2016,1,Joe Hart,,England,G,84,0
Manchester City,2015-2016,30,Nicolas Otamendi,,Argentina,DC|DD|MDC,84,0
Manchester City,2015-2016,5,Pablo Zabaleta,,Argentina,DD|MD|DC,82,0
Manchester City,2015-2016,8,Samir Nasri,,France,MOC|MG|MD,82,0
Manchester City,2015-2016,7,Raheem Sterling,,England,MG|AD|AG|BU|MD|MOC,81,0
Manchester City,2015-2016,25,Fernandinho,Fernandinho,Brazil,MC|MDC|DC,80,0
Manchester City,2015-2016,15,Jesus Navas,,Spain,MD|AD|DD|MG,80,0
Manchester City,2015-2016,3,Bacary Sagna,,France,DD|DG|DC,80,0
Manchester City,2015-2016,14,Wilfried Bony,,Ivory Coast,BU|MOC|AD,80,0
Manchester City,2015-2016,22,Gael Clichy,,France,DG|DC|MG,79,0
Manchester City,2015-2016,20,Eliaquim Mangala,,France,DC|DD|MDC,79,0
Manchester City,2015-2016,26,Martin Demichelis,,Argentina,DC|MDC|DD,78,0
Manchester City,2015-2016,6,Fernando Reges,,Brazil,MDC|MC|DC,78,0
Manchester City,2015-2016,11,Aleksandar Kolarov,,Serbia,DG|DC|MG|MDC,78,0
Manchester City,2015-2016,13,Willy Caballero,,Argentina,G,77,0
Manchester City,2015-2016,18,Fabian Delph,,England,MC|DG|MDC|MOC,77,0
Manchester City,2015-2016,36,Bruno Zuculini,,Argentina,MC,74,0
Manchester City,2015-2016,28,Jason Denayer,,Belgium,DC|MDC|DD,73,0
Manchester City,2015-2016,72,Kelechi Iheanacho,,Nigeria,BU,73,0
Manchester City,2015-2016,64,Marcos Lopes,,Portugal,MOC,73,0
Manchester City,2016-2017,10,Sergio Aguero,,Argentina,MOC|BU,89,0
Manchester City,2016-2017,17,Kevin De Bruyne,,Belgium,MOC|MC|MD|MDC|AD,88,0
Manchester City,2016-2017,21,David Silva,,Spain,MOC|MD|MG|MC,87,0
Manchester City,2016-2017,4,Vincent Kompany,,Belgium,DC|MDC|DD,86,0
Manchester City,2016-2017,8,Ilkay Gundogan,,Germany,MC|MDC|MOC,85,0
Manchester City,2016-2017,42,Yaya Toure,,Ivory Coast,BU|MDC|MC,84,0
Manchester City,2016-2017,30,Nicolas Otamendi,,Argentina,DC|DD|MDC,83,0
Manchester City,2016-2017,7,Raheem Sterling,,England,MG|AD|AG|BU|MD|MOC,83,0
Manchester City,2016-2017,25,Fernandinho,Fernandinho,Brazil,MC|MDC|DC,82,0
Manchester City,2016-2017,1,Joe Hart,,England,G,82,0
Manchester City,2016-2017,8,Samir Nasri,,France,MOC|MG|MD,82,0
Manchester City,2016-2017,19,Leroy Sane,,Germany,AG|AD|MG|MD,82,0
Manchester City,2016-2017,3,Bacary Sagna,,France,DD|DG|DC,81,0
Manchester City,2016-2017,9,Nolito,Nolito,Spain,AG|AD|MG|BU,81,0
Manchester City,2016-2017,5,Pablo Zabaleta,,Argentina,DD|MD|DC,80,0
Manchester City,2016-2017,11,Aleksandar Kolarov,,Serbia,DG|DC|MG|MDC,80,0
Manchester City,2016-2017,14,Wilfried Bony,,Ivory Coast,BU|MOC|AD,80,0
Manchester City,2016-2017,24,John Stones,,England,DC|MDC|DD,80,0
Manchester City,2016-2017,13,Willy Caballero,,Argentina,G,79,0
Manchester City,2016-2017,15,Jesus Navas,,Spain,MD|AD|DD|MG,79,0
Manchester City,2016-2017,20,Eliaquim Mangala,,France,DC|DD|MDC,79,0
Manchester City,2016-2017,33,Gabriel Jesus,,Brazil,BU|AD|AG|MOC,79,0
Manchester City,2016-2017,22,Gael Clichy,,France,DG|DC|MG,78,0
Manchester City,2016-2017,18,Fabian Delph,,England,MC|DG|MDC|MOC,78,0
Manchester City,2016-2017,6,Fernando Reges,,Brazil,MDC|MC|DC,78,0
Manchester City,2017-2018,17,Kevin De Bruyne,,Belgium,MOC|MC|MD|MDC|AD,91,0
Manchester City,2017-2018,10,Sergio Aguero,,Argentina,MOC|BU,89,0
Manchester City,2017-2018,21,David Silva,,Spain,MOC|MD|MG|MC,89,0
Manchester City,2017-2018,25,Fernandinho,Fernandinho,Brazil,MC|MDC|DC,85,0
Manchester City,2017-2018,4,Vincent Kompany,,Belgium,DC|MDC|DD,85,0
Manchester City,2017-2018,8,Ilkay Gundogan,,Germany,MC|MDC|MOC,85,0
Manchester City,2017-2018,30,Nicolas Otamendi,,Argentina,DC|DD|MDC,85,0
Manchester City,2017-2018,7,Raheem Sterling,,England,MG|AD|AG|BU|MD|MOC,85,0
Manchester City,2017-2018,31,Ederson,Ederson,Brazil,G,85,0
Manchester City,2017-2018,19,Leroy Sane,,Germany,AG|AD|MG|MD,85,0
Manchester City,2017-2018,2,Kyle Walker,,England,DD|DC|MD,84,0
Manchester City,2017-2018,20,Bernardo Silva,,Portugal,AD|MOC|MC|MDC,84,0
Manchester City,2017-2018,14,Aymeric Laporte,,France,DC|DG|MDC,83,0
Manchester City,2017-2018,33,Gabriel Jesus,,Brazil,BU|AD|AG|MOC,83,0
Manchester City,2017-2018,42,Yaya Toure,,Ivory Coast,BU|MDC|MC,80,0
Manchester City,2017-2018,1,Claudio Bravo,,Chile,G,80,0
Manchester City,2017-2018,5,John Stones,,England,DC|MDC|DD,80,0
Manchester City,2017-2018,18,Fabian Delph,,England,MC|DG|MDC|MOC,79,0
Manchester City,2017-2018,3,Danilo,Danilo,Brazil,DD|DG|MD,79,0
Manchester City,2017-2018,22,Benjamin Mendy,,France,DG|MG,79,0
Manchester City,2017-2018,14,Wilfried Bony,,Ivory Coast,BU|MOC|AD,78,0
Manchester City,2017-2018,15,Eliaquim Mangala,,France,DC|DD|MDC,78,0
Manchester City,2017-2018,28,Jason Denayer,,Belgium,DC|MDC|DD,74,0
Manchester City,2017-2018,27,Patrick Roberts,,England,MD,74,0
Manchester City,2017-2018,35,Oleksandr Zinchenko,,Ukraine,DG|MC|MDC|MG,70,0
Manchester City,2018-2019,17,Kevin De Bruyne,,Belgium,MOC|MC|MD|MDC|AD,91,0
Manchester City,2018-2019,21,David Silva,,Spain,MOC|MD|MG|MC,90,0
Manchester City,2018-2019,10,Sergio Aguero,,Argentina,MOC|BU,89,0
Manchester City,2018-2019,25,Fernandinho,Fernandinho,Brazil,MC|MDC|DC,87,0
Manchester City,2018-2019,7,Raheem Sterling,,England,MG|AD|AG|BU|MD|MOC,87,0
Manchester City,2018-2019,31,Ederson,Ederson,Brazil,G,86,0
Manchester City,2018-2019,14,Aymeric Laporte,,France,DC|DG|MDC,86,0
Manchester City,2018-2019,20,Bernardo Silva,,Portugal,AD|MOC|MC|MDC,86,0
Manchester City,2018-2019,19,Leroy Sane,,Germany,AG|AD|MG|MD,86,0
Manchester City,2018-2019,26,Riyad Mahrez,,Algeria,AD|AG|MD|MOC,85,0
Manchester City,2018-2019,4,Vincent Kompany,,Belgium,DC|MDC|DD,84,0
Manchester City,2018-2019,8,Ilkay Gundogan,,Germany,MC|MDC|MOC,84,0
Manchester City,2018-2019,2,Kyle Walker,,England,DD|DC|MD,84,0
Manchester City,2018-2019,30,Nicolas Otamendi,,Argentina,DC|DD|MDC,84,0
Manchester City,2018-2019,5,John Stones,,England,DC|MDC|DD,83,0
Manchester City,2018-2019,33,Gabriel Jesus,,Brazil,BU|AD|AG|MOC,83,0
Manchester City,2018-2019,22,Benjamin Mendy,,France,DG|MG,81,0
Manchester City,2018-2019,3,Danilo,Danilo,Brazil,DD|DG|MD,79,0
Manchester City,2018-2019,28,Jason Denayer,,Belgium,DC|MDC|DD,79,0
Manchester City,2018-2019,1,Claudio Bravo,,Chile,G,78,0
Manchester City,2018-2019,18,Fabian Delph,,England,MC|DG|MDC|MOC,78,0
Manchester City,2018-2019,15,Eliaquim Mangala,,France,DC|DD|MDC,76,0
Manchester City,2018-2019,35,Oleksandr Zinchenko,,Ukraine,DG|MC|MDC|MG,75,0
Manchester City,2018-2019,47,Phil Foden,,England,MOC|AG|BU|AD,75,0
Manchester City,2018-2019,39,Douglas Luiz,,Brazil,MC,74,0
Manchester City,2019-2020,17,Kevin De Bruyne,,Belgium,MOC|MC|MD|MDC|AD,91,0
Manchester City,2019-2020,10,Sergio Aguero,,Argentina,MOC|BU,90,0
Manchester City,2019-2020,7,Raheem Sterling,,England,MG|AD|AG|BU|MD|MOC,88,0
Manchester City,2019-2020,31,Ederson,Ederson,Brazil,G,88,0
Manchester City,2019-2020,21,David Silva,,Spain,MOC|MD|MG|MC,87,0
Manchester City,2019-2020,14,Aymeric Laporte,,France,DC|DG|MDC,87,0
Manchester City,2019-2020,20,Bernardo Silva,,Portugal,AD|MOC|MC|MDC,87,0
Manchester City,2019-2020,26,Riyad Mahrez,,Algeria,AD|AG|MD|MOC,86,0
Manchester City,2019-2020,19,Leroy Sane,,Germany,AG|AD|MG|MD,86,0
Manchester City,2019-2020,25,Fernandinho,Fernandinho,Brazil,MC|MDC|DC,85,0
Manchester City,2019-2020,16,Rodri,Rodri,Spain,MDC|MC,85,0
Manchester City,2019-2020,8,Ilkay Gundogan,,Germany,MC|MDC|MOC,84,0
Manchester City,2019-2020,2,Kyle Walker,,England,DD|DC|MD,83,0
Manchester City,2019-2020,27,Joao Cancelo,,Portugal,DD|DG|MD|MG,82,0
Manchester City,2019-2020,9,Gabriel Jesus,,Brazil,BU|AD|AG|MOC,82,0
Manchester City,2019-2020,5,John Stones,,England,DC|MDC|DD,81,0
Manchester City,2019-2020,30,Nicolas Otamendi,,Argentina,DC|DD|MDC,80,0
Manchester City,2019-2020,22,Benjamin Mendy,,France,DG|MG,80,0
Manchester City,2019-2020,11,Oleksandr Zinchenko,,Ukraine,DG|MC|MDC|MG,79,0
Manchester City,2019-2020,12,Angelino,Angelino,Spain,DG|MG|AG,78,0
Manchester City,2019-2020,1,Claudio Bravo,,Chile,G,77,0
Manchester City,2019-2020,47,Phil Foden,,England,MOC|AG|BU|AD,77,0
Manchester City,2019-2020,75,Aleix Garcia,,Spain,MOC,74,0
Manchester City,2020-2021,17,Kevin De Bruyne,,Belgium,MOC|MC|MD|MDC|AD,91,0
Manchester City,2020-2021,31,Ederson,Ederson,Brazil,G,88,0
Manchester City,2020-2021,10,Sergio Aguero,,Argentina,MOC|BU,87,0
Manchester City,2020-2021,7,Raheem Sterling,,England,MG|AD|AG|BU|MD|MOC,87,0
Manchester City,2020-2021,14,Aymeric Laporte,,Spain,DC|DG|MDC,86,0
Manchester City,2020-2021,20,Bernardo Silva,,Portugal,AD|MOC|MC|MDC,86,0
Manchester City,2020-2021,16,Rodri,Rodri,Spain,MDC|MC,86,0
Manchester City,2020-2021,26,Riyad Mahrez,,Algeria,AD|AG|MD|MOC,85,0
Manchester City,2020-2021,27,Joao Cancelo,,Portugal,DD|DG|MD|MG,85,0
Manchester City,2020-2021,3,Ruben Dias,,Portugal,DC|DD|MDC,85,0
Manchester City,2020-2021,25,Fernandinho,Fernandinho,Brazil,MC|MDC|DC,84,0
Manchester City,2020-2021,8,Ilkay Gundogan,,Germany,MC|MDC|MOC,84,0
Manchester City,2020-2021,2,Kyle Walker,,England,DD|DC|MD,84,0
Manchester City,2020-2021,9,Gabriel Jesus,,Brazil,BU|AD|AG|MOC,83,0
Manchester City,2020-2021,47,Phil Foden,,England,MOC|AG|BU|AD,83,0
Manchester City,2020-2021,5,John Stones,,England,DC|MDC|DD,82,0
Manchester City,2020-2021,21,Ferran Torres,,Spain,AD|AG|BU|MD,81,0
Manchester City,2020-2021,30,Nicolas Otamendi,,Argentina,DC|DD|MDC,80,0
Manchester City,2020-2021,11,Oleksandr Zinchenko,,Ukraine,DG|MC|MDC|MG,80,0
Manchester City,2020-2021,22,Benjamin Mendy,,France,DG|MG,79,0
Manchester City,2020-2021,6,Nathan Ake,,Netherlands,DC|DG|MDC,79,0
Manchester City,2020-2021,34,Yangel Herrera,,Venezuela,MC|MDC|MOC,78,0
Manchester City,2020-2021,1,Claudio Bravo,,Chile,G,77,0
Manchester City,2020-2021,13,Zack Steffen,,United States,G,77,0
Manchester City,2021-2022,17,Kevin De Bruyne,,Belgium,MOC|MC|MD|MDC|AD,91,0
Manchester City,2021-2022,31,Ederson,Ederson,Brazil,G,89,0
Manchester City,2021-2022,27,Joao Cancelo,,Portugal,DD|DG|MD|MG,88,0
Manchester City,2021-2022,3,Ruben Dias,,Portugal,DC|DD|MDC,88,0
Manchester City,2021-2022,20,Bernardo Silva,,Portugal,AD|MOC|MC|MDC,87,0
Manchester City,2021-2022,16,Rodri,Rodri,Spain,MDC|MC,87,0
Manchester City,2021-2022,7,Raheem Sterling,,England,MG|AD|AG|BU|MD|MOC,87,0
Manchester City,2021-2022,14,Aymeric Laporte,,Spain,DC|DG|MDC,86,0
Manchester City,2021-2022,26,Riyad Mahrez,,Algeria,AD|AG|MD|MOC,86,0
Manchester City,2021-2022,2,Kyle Walker,,England,DD|DC|MD,85,0
Manchester City,2021-2022,8,Ilkay Gundogan,,Germany,MC|MDC|MOC,85,0
Manchester City,2021-2022,10,Jack Grealish,,England,AG|MOC|MG|AD,84,0
Manchester City,2021-2022,47,Phil Foden,,England,MOC|AG|BU|AD,84,0
Manchester City,2021-2022,9,Gabriel Jesus,,Brazil,BU|AD|AG|MOC,83,0
Manchester City,2021-2022,5,John Stones,,England,DC|MDC|DD,83,0
Manchester City,2021-2022,25,Fernandinho,Fernandinho,Brazil,MC|MDC|DC,81,0
Manchester City,2021-2022,21,Ferran Torres,,Spain,AD|AG|BU|MD,83,0
Manchester City,2021-2022,11,Oleksandr Zinchenko,,Ukraine,DG|MC|MDC|MG,79,0
Manchester City,2021-2022,22,Benjamin Mendy,,France,DG|MG,79,0
Manchester City,2021-2022,6,Nathan Ake,,Netherlands,DC|DG|MDC,78,0
Manchester City,2021-2022,13,Zack Steffen,,United States,G,78,0
Manchester City,2022-2023,17,Kevin De Bruyne,,Belgium,MOC|MC|MD|MDC|AD,91,0
Manchester City,2022-2023,9,Erling Haaland,,Norway,BU|MOC,90,0
Manchester City,2022-2023,31,Ederson,Ederson,Brazil,G,88,0
Manchester City,2022-2023,3,Ruben Dias,,Portugal,DC|DD|MDC,88,0
Manchester City,2022-2023,16,Rodri,Rodri,Spain,MDC|MC,87,0
Manchester City,2022-2023,20,Bernardo Silva,,Portugal,AD|MOC|MC|MDC,88,0
Manchester City,2022-2023,8,Ilkay Gundogan,,Germany,MC|MDC|MOC,85,0
Manchester City,2022-2023,26,Riyad Mahrez,,Algeria,AD|AG|MD|MOC,85,0
Manchester City,2022-2023,2,Kyle Walker,,England,DD|DC|MD,84,0
Manchester City,2022-2023,10,Jack Grealish,,England,AG|MOC|MG|AD,84,0
Manchester City,2022-2023,5,John Stones,,England,DC|MDC|DD,83,0
Manchester City,2022-2023,25,Manuel Akanji,,Switzerland,DG|DC|DD|MDC,82,0
Manchester City,2022-2023,14,Aymeric Laporte,,Spain,DC|DG|MDC,86,0
Manchester City,2022-2023,47,Phil Foden,,England,MOC|AG|BU|AD,84,0
Manchester City,2022-2023,6,Nathan Ake,,Netherlands,DC|DG|MDC,80,0
Manchester City,2022-2023,4,Kalvin Phillips,,England,MDC|MC|DC,80,0
Manchester City,2022-2023,18,Stefan Ortega,,Germany,G,79,0
Manchester City,2022-2023,19,Julian Alvarez,,Argentina,BU|MOC|AG|AD,79,0
Manchester City,2022-2023,7,Joao Cancelo,,Portugal,DD|DG|MD|MG,87,0
Manchester City,2023-2024,17,Kevin De Bruyne,,Belgium,MOC|MC|MD|MDC|AD,91,0
Manchester City,2023-2024,9,Erling Haaland,,Norway,BU|MOC,91,0
Manchester City,2023-2024,16,Rodri,Rodri,Spain,MDC|MC,90,1
Manchester City,2023-2024,3,Ruben Dias,,Portugal,DC|DD|MDC,89,0
Manchester City,2023-2024,31,Ederson,Ederson,Brazil,G,88,0
Manchester City,2023-2024,20,Bernardo Silva,,Portugal,AD|MOC|MC|MDC,88,0
Manchester City,2023-2024,47,Phil Foden,,England,MOC|AG|BU|AD,87,0
Manchester City,2023-2024,10,Jack Grealish,,England,AG|MOC|MG|AD,85,0
Manchester City,2023-2024,2,Kyle Walker,,England,DD|DC|MD,84,0
Manchester City,2023-2024,25,Manuel Akanji,,Switzerland,DG|DC|DD|MDC,83,0
Manchester City,2023-2024,24,Josko Gvardiol,,Croatia,DG|DC,82,0
Manchester City,2023-2024,5,John Stones,,England,DC|MDC|DD,85,0
Manchester City,2023-2024,19,Julian Alvarez,,Argentina,BU|MOC|AG|AD,83,0
Manchester City,2023-2024,8,Mateo Kovacic,,Croatia,MC|MDC|MOC,82,0
Manchester City,2023-2024,6,Nathan Ake,,Netherlands,DC|DG|MDC,82,0
Manchester City,2023-2024,18,Stefan Ortega,,Germany,G,79,0
Manchester City,2023-2024,11,Jeremy Doku,,Belgium,AG|MG|AD|MD,79,0
Manchester City,2023-2024,27,Matheus Nunes,,Portugal,MC|DD,79,0
Manchester City,2023-2024,82,Rico Lewis,,England,DD|MDC|MC|DG,75,0
Manchester City,2023-2024,21,Sergio Gomez,,Spain,DG,74,0
Manchester City,2024-2025,17,Kevin De Bruyne,,Belgium,MOC|MC|MD|MDC|AD,89,0
Manchester City,2024-2025,31,Ederson,Ederson,Brazil,G,86,0
Manchester City,2024-2025,3,Ruben Dias,,Portugal,DC|DD|MDC,86,0
Manchester City,2024-2025,19,Ilkay Gundogan,,Germany,MC|MDC|MOC,84,0
Manchester City,2024-2025,24,Josko Gvardiol,,Croatia,DG|DC,84,0
Manchester City,2024-2025,7,Omar Marmoush,,Egypt,BU|AG,84,0
Manchester City,2024-2025,8,Mateo Kovacic,,Croatia,MC|MDC|MOC,83,0
Manchester City,2024-2025,26,Savinho,Savinho,Brazil,MD|AD|AG|MG,82,0
Manchester City,2024-2025,11,Jeremy Doku,,Belgium,AG|MG|AD|MD,80,0
Manchester City,2024-2025,27,Matheus Nunes,,Portugal,MC|DD,78,0
Manchester City,2024-2025,9,Erling Haaland,,Norway,BU|MOC,90,0
Manchester City,2024-2025,47,Phil Foden,,England,MOC|AG|BU|AD,86,0
Manchester City,2024-2025,20,Bernardo Silva,,Portugal,AD|MOC|MC|MDC,85,0
Manchester City,2024-2025,25,Manuel Akanji,,Switzerland,DG|DC|DD|MDC,83,0
Manchester City,2024-2025,10,Jack Grealish,,England,AG|MOC|MG|AD,81,0
Manchester City,2024-2025,18,Stefan Ortega,,Germany,G,80,0
Manchester City,2024-2025,14,Nico Gonzalez,,Spain,MDC|MC|MOC,79,0
Manchester City,2024-2025,82,Rico Lewis,,England,DD|MDC|MC|DG,78,0
Manchester City,2024-2025,16,Rodri,Rodri,Spain,MDC|MC,91,0
Manchester City,2024-2025,5,John Stones,,England,DC|MDC|DD,83,0
Manchester City,2024-2025,6,Nathan Ake,,Netherlands,DC|DG|MDC,83,0
Manchester City,2025-2026,9,Erling Haaland,,Norway,BU|MOC,91,0
Manchester City,2025-2026,25,Gianluigi Donnarumma,,Italy,G,89,0
Manchester City,2025-2026,16,Rodri,Rodri,Spain,MDC|MC,89,0
Manchester City,2025-2026,15,Marc Guehi,,England,DC|DD|MDC,84,0
Manchester City,2025-2026,42,Antoine Semenyo,,Ghana,MD|AD|AG|BU,84,0
Manchester City,2025-2026,10,Rayan Cherki,,France,MOC|MG|AG|AD|MC,84,0
Manchester City,2025-2026,20,Bernardo Silva,,Portugal,AD|MOC|MC|MDC,83,0
Manchester City,2025-2026,11,Jeremy Doku,,Belgium,AG|MG|AD|MD,83,0
Manchester City,2025-2026,27,Matheus Nunes,,Portugal,MC|DD,82,0
Manchester City,2025-2026,33,Nico O'Reilly,,England,DG|MG|MC,81,0
Manchester City,2025-2026,45,Abdukodir Khusanov,,Uzbekistan,DC|DD,80,0
Manchester City,2025-2026,3,Ruben Dias,,Portugal,DC|DD|MDC,87,0
Manchester City,2025-2026,47,Phil Foden,,England,MOC|AG|BU|AD,85,0
Manchester City,2025-2026,4,Tijjani Reijnders,,Netherlands,MC|MDC|MOC,85,0
Manchester City,2025-2026,7,Omar Marmoush,,Egypt,BU|AG,83,0
Manchester City,2025-2026,5,John Stones,,England,DC|MDC|DD,82,0
Manchester City,2025-2026,8,Mateo Kovacic,,Croatia,MC|MDC|MOC,82,0
Manchester City,2025-2026,6,Nathan Ake,,Netherlands,DC|DG|MDC,82,0
Manchester City,2025-2026,21,Rayan Ait-Nouri,,Algeria,DG|MG|DC,81,0
Manchester City,2025-2026,14,Nico Gonzalez,,Spain,MDC|MC|MOC,81,0
Manchester City,2025-2026,26,Savinho,Savinho,Brazil,MD|AD|AG|MG,81,0
Manchester City,2025-2026,1,James Trafford,,England,G,77,0
Manchester City,2025-2026,82,Rico Lewis,,England,DD|MDC|MC|DG,77,0
Manchester City,2025-2026,24,Josko Gvardiol,,Croatia,DG|DC,85,0
